lgbm,xgboost,svc
LGBM_gain
1.0,0.995417048579285,0.1851512373968836
LGBM_split
1.0,0.995417048579285,0.03391384051329056
SVC_L1
0.9734188817598534,0.9413382218148487,0.08524289642529789
XGBoost_gain
1.0,0.9963336388634281,0.9743354720439963
XGBoost_split
1.0,0.997250229147571,0.9816681943171403
